Feature,Mean_SHAP
is_likely_lof,3.1461997
variant_type_encoded,1.2534268
num_submitters,0.7846983
cons_splice,0.78319025
gnomAD_AF,0.6858834
cons_snv,0.49792323
in_disordered_region,0.4844993
review_strength,0.379272
is_synonymous,0.35468125
position,0.34785593
normalized_position,0.271349
cons_frameshift,0.21708225
VEST4_score,0.16219912
BayesDel_addAF,0.10386324
aa_position,0.0998991
CADD_phred,0.096510574
BayesDel_noAF,0.09447703
ClinPred_score,0.08968184
DANN_score,0.07586273
is_canonical_splice_site,0.06450109
is_nonsense,0.06269036
cons_deletion,0.050457146
MetaRNN_score,0.04622499
AlphaMissense_score,0.03913937
is_frameshift_protein,0.02793602
is_missense,0.024248978
domain_known,0.023735762
phastCons17way,0.016960898
has_protein_change,0.014434916
phyloP17way,0.010876857
cons_nonsense,0.0048220586
in_pathogenic_hotspot,0.0040854323
REVEL_score,0.00403633
in_exon11,0.0031593079
in_BRCT_domain,0.0030710637
MPC_score,0.0026099158
SIFT_score,0.002279111
Polyphen2_HDIV,0.001415978
is_frameshift,0.0
allele_length_ratio,0.0
Polyphen2_HVAR,0.0
indel_length,0.0
in_RING_domain,0.0
is_splice_protein,0.0
cons_other,0.0
cons_insertion,0.0
cons_duplication,0.0
in_coiled_coil,0.0
